"id","user_id","name","email","avatar_url","specialties","experience_years","availability","hourly_rate","location","summary","markdown_content","source","sources","embedding","is_verified","rating","projects_completed","created_at","updated_at","research_products","last_experience","whatsapp"
6,3,"Adrian Esteban Rodriguez","adrianalvarezr@gmail.com",NULL,"[""Snacks"", ""Panificacion"", ""Otro"", ""Formulacion"", ""Productividad"", ""Procesos"", ""cereaales"", ""gesti\u00f3n de costos"", ""dise\u00f1o de alimentos"", ""costos"", ""machine learning"", ""data science"", ""ciencia de datos"", ""dise\u00f1o de apps"", ""formulaci\u00f3n de proyectos""]",22,"inmediata","200","Medellin","Científico de alimentos y científico de datos. Diseño alimentos con software. Monto departamentos de I+D, formulo proyectos para la creación de empresas de alimentos. Uso ciencia de Datos, bioinformática y machine learning para optimizar procesos de fabricación de alimentos, ventas y problemas de productividad. Mis áreas de mayor experiencia son cereales, panificación, transformación de vegetales y biotecnología (fermentación de precisión)","---
id: 6
nombre: ""Adrian Esteban Rodriguez""
email: ""adrianalvarezr@gmail.com""
sectores: [""Snacks"", ""Panificacion"", ""Otro"", ""Formulacion"", ""Productividad"", ""Procesos"", ""cereaales"", ""gestión de costos"", ""diseño de alimentos"", ""costos"", ""machine learning"", ""data science"", ""ciencia de datos"", ""diseño de apps"", ""formulación de proyectos""]
anios_experiencia: 22
disponibilidad: ""inmediata""
tarifa: ""200""
ubicacion: ""Medellin""
fuente: ""registered""
fecha_registro: ""2026-07-27""
verificado: false
---

## Experiencia

Científico de alimentos y científico de datos. Diseño alimentos con software. Monto departamentos de I+D, formulo proyectos para la creación de empresas de alimentos. Uso ciencia de Datos, bioinformática y machine learning para optimizar procesos de fabricación de alimentos, ventas y problemas de productividad. Mis áreas de mayor experiencia son cereales, panificación, transformación de vegetales y biotecnología (fermentación de precisión)


## Productos de investigacion / desarrollo

- Metabalance: App de coaching nutricional que entrega recomendaciones de nutrición con IA (https://appnutrition-nine.vercel.app/)
- BPM Auditor software de visión artificial para inspección sanitaria de plantas de alimentos (https://adri.lat/bpmauditor/)
- Somni Suplemento dietario para problemas de sueño y descanso (https://www.linkedin.com/posts/adrian-esteban-rodriguez_biohacking-foodtech-ugcPost-7480125008481038336-E-5M/?utm_source=share&utm_medium=member_desktop&rcm=ACoAAAKtDaoBHpteBcHMiHV3XhOPFDjMxttk87w)


## Ultima experiencia

**Cliente:** FullWelness Canarias (España)

**Que hizo:** Diseño de proyecto de franquicias para servicio de atención nutricional y diseño de 40 productos de nutrición de precisión para pérdida de peso

**Logro:** Cerca de 1 millón de euros en facturación a cierre de 2025

## Disponibilidad

inmediata","registered","[]","[-0.012944799,0.010302481,0.03371574,-0.07817367,-0.0012926355,0.015425248,0.00040928595,0.02566694,-0.009519731,0.0066366694,-0.020836294,-0.006658085,0.00745646,0.0045479187,0.12405961,0.006637132,0.01532683,-0.01054221,-0.0146796135,-0.008798731,0.0071511855,0.013615162,0.015844679,-0.020932818,-0.011582634,-0.006240272,0.017222118,0.0113778785,0.03853869,0.008509278,-0.0019793164,0.03428469,-0.00896928,0.022901388,-0.015190898,0.024610482,0.0035210832,-0.029550001,0.0061187223,0.015478297,0.016160166,0.010289309,-0.015149972,-0.015323825,0.010362953,-0.0057699033,0.012986346,-0.009335416,0.0015128595,-0.012026541,7.750235e-05,-0.0029158622,-0.018870024,-0.16776639,0.012041046,-0.0034025619,-0.01870925,-0.021027932,0.022247987,-0.025457203,-0.0066329525,0.044254906,-0.020873347,-0.017221332,-0.003502105,0.015941458,-0.005985706,0.0042036586,0.005390257,-0.007959079,-0.0014550444,-0.024584739,-0.00671962,-0.015582088,-0.011045854,-0.01681369,0.0101736095,0.0042282715,-0.003251768,0.016755044,-0.015664464,-0.017495694,0.0018549145,-0.026418187,0.00824628,0.011178182,0.011041218,-0.01993104,-0.018818738,0.0055778413,-0.010989915,0.0073455516,0.016895758,-0.004579042,-0.0027018571,-0.009879782,0.0044875043,-0.024898576,0.015312592,-0.0133396005,-0.020204265,0.004591863,0.01278494,-0.015397119,-0.006446795,-0.018023035,0.0127939675,-0.017569594,-0.02449834,-0.016437372,-0.010278715,-0.0067711994,0.021780415,0.04541147,0.020167239,-0.17831768,0.008437185,-0.012182961,-0.004991222,-0.035327427,-0.006979942,0.003475422,-0.014307413,0.014075783,-0.019091481,-0.010389839,-0.001020352,-0.009890336,0.012884539,0.005720622,-0.008012479,0.019708158,0.0019435689,-0.0037404583,0.00086500985,0.017850863,-0.004545755,0.0054081227,0.013801449,0.013167305,-0.003710521,-0.0102247,-0.0077658803,0.021306774,-0.020766798,-0.029962994,0.0028832853,0.006367116,0.0030973647,-0.03722451,0.0029120187,-0.023475135,-0.0065331263,0.012280327,-0.0014222587,-0.05563365,0.005958108,0.017392498,-0.0003542148,0.008424372,-0.007686639,-0.023131419,-0.013400239,0.0073363725,-0.006418757,0.030711116,0.0148374755,0.023162497,-0.0012933621,0.0075793187,-0.002356032,-6.305351e-05,-0.0051512,-0.011758463,-0.020227393,0.022110187,-0.0134671,0.020618834,0.014716716,-0.029487323,-0.003262958,-0.012346405,-0.0010185521,-0.0038389582,0.010932002,-0.015559173,0.0067610373,0.01732667,0.0031033496,-0.0040803114,-0.020527638,-0.020115318,0.0125872,-0.008017637,0.0007242206,-0.023362428,0.0065233824,-0.0016399116,-0.004778828,0.0041698692,0.020183308,-0.009786178,0.009992681,-0.0028661862,0.0065241666,-0.010368429,-0.00889522,-0.009769122,-0.0026671216,-0.0041331355,0.011608133,0.0040304293,0.012295643,0.0031324986,-0.008421873,-0.006294646,-0.004694156,-0.0066879126,-0.021281771,-0.008557519,0.0014451819,-0.00018000536,0.017666498,0.027840333,-0.01258408,0.0027520664,0.01895626,-0.009627489,-0.026019702,0.005100219,0.024201194,0.026957111,0.0040228954,0.008533784,0.008285457,-0.018512681,-0.016205387,-0.0035893072,0.017548623,0.017080054,-0.012141753,-0.016987242,-0.009993787,0.026326591,0.027444866,-0.010242397,-0.000583365,0.0108941225,0.009630911,-0.004435414,0.007562005,-0.015264365,-0.007464142,-0.005349563,-0.017143413,-0.013067359,-0.004834251,0.0059477384,-0.01418256,0.006018542,0.0060401317,-0.018124057,-0.014434788,-0.01240833,0.0013430808,0.012701922,0.010106585,0.011944229,-0.019833125,0.00633144,0.019039324,0.015864165,0.0138620315,-0.01413207,0.0052964436,0.017765973,-0.13510497,0.006094864,0.007012817,-0.033757053,-0.013337321,0.0048898403,0.0031951538,-0.0014318302,-0.009871594,0.02376657,0.008842564,-0.01484788,0.015430833,0.0032349697,0.002686977,0.003481112,0.008862188,-0.008580238,0.016996266,-0.020102683,0.015849218,-0.002084742,-0.0022686038,-0.015858661,0.0020757194,0.007865983,0.012868533,0.043785043,-0.007274874,-0.030771617,-0.0020310713,0.0330423,0.014699828,-0.0219733,-0.008145097,0.020425871,-0.0028892346,-0.016486803,-0.015338488,-0.026494574,0.008278742,-0.007312034,-0.011796655,0.013001276,-0.008546214,-0.00065072667,-0.018964646,0.004033555,-0.025851604,0.00867762,-0.02966418,0.017183723,0.012340464,-0.010353574,0.013520947,0.008320194,-0.0020452566,0.0041090567,-0.017226633,-0.011991241,-0.014664515,0.005472737,-0.004071405,0.003499323,-0.0046540466,-0.005395766,0.009506157,0.009118357,-0.013007431,0.017940037,0.0010258843,-0.003229732,0.019459419,-0.021166239,-0.019896733,0.017703114,-0.020087129,0.005804104,-0.01653233,0.024030242,-0.019417096,0.022791144,0.01028529,0.022866484,0.019577973,-0.016245795,-0.000121048666,0.015688282,0.008975069,-0.015194995,0.00503754,-0.00776516,-0.005149463,-0.0066353236,-0.011437517,0.0070665455,0.005091867,0.014709648,-0.007357776,0.0020660441,-0.03409324,0.008170057,-0.010733124,-0.0030420832,-0.008783683,0.01604332,0.011920798,0.0019729277,-0.0022178644,-0.0045640077,-0.0041406807,0.008197289,-0.031155696,0.0021649639,0.007955139,0.003325689,-0.005791864,0.0206147,-0.010540207,-0.014717502,-0.036156345,-0.0019328336,-0.0027310818,0.008030064,0.009730583,-0.016082004,-0.009988501,0.011800455,-0.0021183647,-0.0017605221,-0.008485904,0.0040171784,0.010217014,-0.01560374,-0.0012980651,-0.025733324,0.022275109,-0.018084629,0.02322946,0.016449954,-0.01797493,-0.008200615,-0.010031527,0.011410726,-0.0070318095,-0.009241008,-0.02280941,-0.01770838,0.020168288,-0.016964192,-0.008133289,-0.0011357104,0.021530403,0.010669651,0.0028764105,-0.009713476,-0.008987007,0.012295599,-0.040302217,-0.021309858,-0.011487737,0.0043849614,-0.02404181,-0.01423063,0.0030619432,0.0063175852,0.033892006,-0.002202744,0.010080245,-0.007367118,0.002646113,0.008046677,-0.017431958,-0.0068872743,-0.009002388,-0.0016000948,0.0111940205,-0.026157506,0.0017533479,-0.011987115,0.02098236,0.0070506018,0.0026148874,0.023363134,-0.012798988,0.005230375,0.015729079,-0.0021394852,-0.004721973,-0.019761197,0.018663159,-0.011092023,-0.015277072,0.008799887,-0.02593693,-0.009107996,0.0197154,0.008097436,-0.008820157,0.0006674424,0.023959396,-0.011465522,0.0033721556,0.02886692,-0.0015629515,0.0064810263,-0.0399721,-0.0028863875,0.012524138,0.005332175,0.027314508,0.008340728,0.018889932,0.01841596,0.013087867,0.03474101,-0.0041087284,0.0075149843,-0.0052453573,-0.007746222,0.008299699,-0.0038973035,0.015832487,-0.007359035,-0.011863226,-0.0078915255,0.0024261717,0.0025135258,0.02154668,-0.008187538,0.0054608146,-0.011691382,0.012226757,-0.011982279,-0.014889816,-0.009480168,-0.0009906687,-0.00040449717,-0.020549443,0.023847422,0.0029762539,0.019504363,-0.00085798133,-0.00047951404,0.010039588,-0.010546049,-0.0014474706,-0.0011079573,-0.01567114,0.00962006,0.02165749,0.0028065897,0.016398428,-0.007962776,-0.00947902,0.04195073,-0.00028275233,-0.021888385,0.005393659,-0.00025099816,-0.010351659,0.029070333,0.01230618,0.0014026422,-0.009526669,-0.0072500864,-0.0024274318,-0.028309911,0.024752825,-0.09162208,-0.0054207067,0.008080389,0.0055013048,-0.030243004,0.0024032826,-0.009157933,-0.012947352,0.008654595,-0.007425018,-0.021266468,0.0039648586,0.0018910905,0.011384263,-0.00092864514,-0.029360306,0.0017590717,0.00597246,-0.007582364,-0.0031005153,0.0075527555,0.016615365,-0.023360595,0.012772865,-0.023001382,-0.016250027,0.027915629,0.028447952,-0.020719795,0.020983312,-0.012242759,-0.004915343,0.0043000737,0.00041131995,0.0039062956,0.012075165,-0.011052053,-0.02123041,-0.014716215,0.022373257,0.02217987,-0.010879856,0.012180623,-0.00080351735,-0.020886756,0.004351282,0.02277502,-0.019402063,0.0014894102,0.0015657768,-0.0299268,0.0039896886,0.00040154427,0.00577729,-0.01149079,-0.0041111987,-0.0034596988,-0.0036944144,-0.01231418,-0.009829091,-0.005570674,-0.010159677,-0.0012803957,0.023937823,-0.007992105,-0.0066834036,0.0099702915,-0.014649509,0.013274041,-0.0013024079,-0.0023159415,-0.013177491,-0.0048828875,0.016463054,-0.012437004,0.027722104,-0.019150708,-0.0024801719,-0.014686948,0.014613089,-0.019868743,0.012090259,-0.091628194,-0.029478414,0.015780954,-0.011009473,0.009569681,0.012087953,0.002629765,0.004812755,0.0047478047,-0.010939903,-0.0014589702,0.0008477316,0.011707449,-0.014562331,-0.0069445726,0.012381177,0.018762376,0.019047583,-0.005220627,-0.003872752,-0.022445055,0.025055023,0.020870086,-0.022469958,0.007730361,0.0138155,-0.018945517,0.019233989,0.017967017,-0.0029436026,0.020753654,-0.16101758,-0.001754849,-0.004359501,0.009037028,0.013665092,0.017884016,-0.0013038741,-0.005440514,-0.013503694,-0.0040120776,0.021817306,-0.010794794,-0.048484005,0.0005419431,0.00527509,0.17282765,-0.005300505,0.0025702654,-0.0076190694,-0.0056548174,0.010721996,-0.009803867,-0.009513025,-0.015601275,-0.013716995,-0.01970778,0.001120098,-0.009741476,0.009374837,0.014443423,0.017625632,-0.016462633,0.0070710755,-0.0015434844,0.014356972,0.008390854,0.011218193,0.00048574246,0.006484392,0.006877471,-0.0011423515,0.020908376,-0.016078029,-0.0078051826,-0.008645237,0.013973501,0.014906632,-0.009024393,0.011821497,0.00720863,-0.012580789,-0.06080081,-0.021522954,0.004671999,0.013134951,0.02145466,-0.0063162157,-0.0053043137,-0.016939525,0.020183034,0.020847825,-0.019709932,-0.022201467,-0.0047199093,-0.012001692,0.0015008821,-0.0050082533,0.016490232,0.01388413,0.013373098,0.002396915,0.020997686,-0.021915426,0.0019795587,0.0012439713,0.011071183,-0.025189316,0.010145915,0.029657796,-0.0010713008,-0.016418125,-0.0051623518,-0.020508638,-0.008357887,-0.015633682,-0.021301795,0.012231205,-0.004256482,0.008215399,0.0026826232,0.022199364,0.008079592,0.01229847,-0.011869588,0.008238004,-0.0029430932,-0.004116539,-0.00550222,-0.0031197395,0.0019957845,0.0030488097,-0.020849181,0.006156811,-0.01918092,-0.018371275,0.024384327,0.015517886,-0.015310199,0.013074992,-0.0087620905]",False,0.0,0,"2026-07-27 06:38:32.427501","2026-07-27 15:27:34.360875","[{""url"": ""https://appnutrition-nine.vercel.app/"", ""name"": ""Metabalance: App de coaching nutricional que entrega recomendaciones de nutrición con IA""}, {""url"": ""https://adri.lat/bpmauditor/"", ""name"": ""BPM Auditor software de visión artificial para inspección sanitaria de plantas de alimentos""}, {""url"": ""https://www.linkedin.com/posts/adrian-esteban-rodriguez_biohacking-foodtech-ugcPost-7480125008481038336-E-5M/?utm_source=share&utm_medium=member_desktop&rcm=ACoAAAKtDaoBHpteBcHMiHV3XhOPFDjMxttk87w"", ""name"": ""Somni Suplemento dietario para problemas de sueño y descanso""}]","{""client"": ""FullWelness Canarias (España)"", ""achievement"": ""Cerca de 1 millón de euros en facturación a cierre de 2025"", ""description"": ""Diseño de proyecto de franquicias para servicio de atención nutricional y diseño de 40 productos de nutrición de precisión para pérdida de peso""}","+573152006387"
